-- phpMyAdmin SQL Dump
-- version 5.0.1
-- https://www.phpmyadmin.net/
--
-- Host: 127.0.0.1
-- Waktu pembuatan: 27 Jun 2021 pada 18.52
-- Versi server: 10.4.11-MariaDB
-- Versi PHP: 7.4.2

SET SQL_MODE = "NO_AUTO_VALUE_ON_ZERO";
SET AUTOCOMMIT = 0;
START TRANSACTION;
SET time_zone = "+00:00";


/*!40101 SET @OLD_CHARACTER_SET_CLIENT=@@CHARACTER_SET_CLIENT */;
/*!40101 SET @OLD_CHARACTER_SET_RESULTS=@@CHARACTER_SET_RESULTS */;
/*!40101 SET @OLD_COLLATION_CONNECTION=@@COLLATION_CONNECTION */;
/*!40101 SET NAMES utf8mb4 */;

--
-- Database: `db_kasir`
--

-- --------------------------------------------------------

--
-- Struktur dari tabel `category`
--

CREATE TABLE `category` (
  `id` varchar(10) NOT NULL,
  `slug` varchar(100) NOT NULL,
  `title` varchar(60) NOT NULL,
  `created_at` datetime NOT NULL DEFAULT current_timestamp(),
  `updated_at` datetime NOT NULL DEFAULT current_timestamp() ON UPDATE current_timestamp()
) ENGINE=InnoDB DEFAULT CHARSET=utf8mb4;

--
-- Dumping data untuk tabel `category`
--

INSERT INTO `category` (`id`, `slug`, `title`, `created_at`, `updated_at`) VALUES
('102001', 'treatment', 'Treatment', '2021-01-27 14:09:06', '2021-01-27 14:22:17'),
('102002', 'product', 'Product', '2021-01-27 14:28:53', '2021-01-27 14:28:53');

-- --------------------------------------------------------

--
-- Struktur dari tabel `customer`
--

CREATE TABLE `customer` (
  `id` varchar(100) NOT NULL,
  `id_store` int(11) NOT NULL DEFAULT 1,
  `identity_number` varchar(50) NOT NULL,
  `name` varchar(255) NOT NULL,
  `birth_date` date DEFAULT NULL,
  `phone` varchar(15) NOT NULL,
  `email` varchar(255) NOT NULL,
  `address` text NOT NULL,
  `job` varchar(200) NOT NULL,
  `created_at` datetime NOT NULL DEFAULT current_timestamp(),
  `updated_at` datetime NOT NULL DEFAULT current_timestamp() ON UPDATE current_timestamp()
) ENGINE=InnoDB DEFAULT CHARSET=utf8mb4;

--
-- Dumping data untuk tabel `customer`
--

INSERT INTO `customer` (`id`, `id_store`, `identity_number`, `name`, `birth_date`, `phone`, `email`, `address`, `job`, `created_at`, `updated_at`) VALUES
('20210405023611615', 1, '1371061912970005', 'Rio P', '1997-12-19', '082383010098', 'rio@soraya.com', 'Jalan Aur Duri', 'PNS', '2021-04-05 14:36:11', '2021-04-29 14:13:11'),
('20210405032814324', 1, '132132131321321', 'Jaka', '1991-02-05', '0812313132222', 'jakakembung@soraya.com', 'Jalan Dr.Sutomo', 'Pegawai Swasta', '2021-04-05 15:28:14', '2021-04-29 14:13:03'),
('20210405035944315', 1, '1371032132143243', 'Rifka', '1998-04-12', '081283042539', 'rifkaesofita@gmail.com', 'Jalan Limau Manis', 'Wiraswasta', '2021-04-05 15:59:44', '2021-04-29 14:11:30'),
('20210501092202631', 1, '13712312312', 'Jaka', '0000-00-00', '0811669382', 'jaka@outlook.com', 'Jalan Cikarang', 'PNS', '2021-05-01 09:22:02', '2021-05-01 09:22:02'),
('20210501103816976', 1, '1371061321312321', 'Ika', '0000-00-00', '085218558248', 'rief_caesofita@yahoo.co.id', 'jalan waluyo', 'pengusaha', '2021-05-01 10:38:16', '2021-05-01 10:38:16'),
('20210501104626635', 1, '13710202032132', 'Ani', '2000-02-28', '08221212112312', 'ani@sorayabedsheet.id', 'Lubuk Buayo', 'Freelancer', '2021-05-01 10:46:26', '2021-05-27 10:59:47'),
('20210504092147827', 1, '13710619129823213', 'Alfiana', '0000-00-00', '085218558248', 'alfi@mail.com', 'Jalan Manggis', 'Swasta', '2021-05-04 09:21:47', '2021-05-04 09:21:47'),
('20210527080826434', 1, '1371061321312321', 'Jaka Kembung', '0000-00-00', '085218558248', 'jakakembung2@soraya.com', 'Tanjung Aua Nan XX\r\nRT.02 RW.01 No.9', 'PNS', '2021-05-27 08:08:26', '2021-05-27 08:08:26'),
('20210527104919366', 1, '1371000534242342', 'Althair', '1970-01-01', '082383010098', 'althair@mail.com', 'Jalan Pemuda', 'Swasta', '2021-05-27 10:49:19', '2021-05-27 10:49:19'),
('20210527105133474', 1, '1231232131', 'Benny', '1970-01-01', '082383010098', 'benny@soraya.com', 'dsadsadsad', 'PNS', '2021-05-27 10:51:33', '2021-05-27 10:51:33'),
('20210527105429420', 1, 't12312312', 'tes', '1991-12-05', '082383010098', 'tes@mail.com', 'Tanjung Aua Nan XX\r\nRT.02 RW.01 No.9', 'PNS', '2021-05-27 10:54:29', '2021-05-31 13:32:40'),
('20210527105912450', 1, '1321312312', 'Kevin', '2020-05-31', '0811669382', 'kevinketimunlaut@outlook.co.id', 'Jalan Aur Duri, Kel.Tanjung Aua Nan XX\r\nRT.02 RW.01 No.9, Kecamatan Lubuk Begalung', 'PNS', '2021-05-27 10:59:12', '2021-05-27 10:59:12'),
('20210527110545840', 1, '137123123123', 'Rio Pambudhi V2', '1997-12-19', '082383010098', 'budi@mail.com', 'Tanjung Aua Nan XX\r\nRT.02 RW.01 No.9', 'Swasta', '2021-05-27 11:05:45', '2021-05-27 11:05:45'),
('20210611030421685', 2, '137106123213432', 'Yuli', '1994-11-30', '082232112323', 'yuli@mail.com', 'Jalan Merdeka', 'Swasta', '2021-06-11 15:04:21', '2021-06-11 15:04:21'),
('20210612113254890', 2, '1321312312', 'Peggi Yolanda', '1997-06-01', '082383010098', 'peggiyolanda@gmail.com', 'Jalan Ir.H.Juanda', 'Swasta', '2021-06-12 11:32:54', '2021-06-12 11:32:54'),
('20210612113920109', 2, '1371231231232313121', 'Inul', '1997-07-01', '082383010098', 'inul@mail.com', 'Jalan Merdeka', 'Wiraswasta', '2021-06-12 11:39:20', '2021-06-12 11:39:20'),
('20210616103226322', 2, '13713243243211413241', 'Hana', '1999-12-15', '082232112666', 'hana@mail.com', 'Jalan Padang panjang', 'PNS', '2021-06-16 10:32:26', '2021-06-16 10:32:26'),
('20210617081619683', 2, '1371324324321131343', 'Geni', '1999-07-15', '082232165656', 'geni@mail.com', 'jalan merdeka', 'Swasta', '2021-06-17 08:16:19', '2021-06-17 08:16:19'),
('20210618025012664', 2, '13713243243211321312412', 'Kotori', '1999-06-16', '082232118998', 'kotori@mail.com', 'Jalan Merdeka', 'PNS', '2021-06-18 14:50:12', '2021-06-18 14:50:12'),
('20210619095349901', 2, '1313264657643453346', 'Nina', '1998-11-25', '085218558233', 'nina@mail.com', 'Jalan Merdeka', 'Pegawai Swasta', '2021-06-19 09:53:49', '2021-06-19 09:53:49'),
('20210619101401389', 2, '4655677687', 'rani', '1999-08-25', '085678978990', 'rani@gmai.com', 'Tanjung Aua Nan XX\r\nRT.02 RW.01 No.9', 'Swasta', '2021-06-19 10:14:01', '2021-06-19 10:14:01'),
('20210623093926848', 2, '123125435', 'Jeny', '2000-12-21', '08123215543221', 'jeny@mail.com', 'jalan dr.moh.hatta', 'PNS', '2021-06-23 09:39:26', '2021-06-23 09:39:26'),
('20210623094004647', 2, '13712312312333', 'Jeny', '1997-12-19', '0823830100982', 'jeny@mail.com', 'Jalan Merdeka', 'PNS', '2021-06-23 09:40:04', '2021-06-23 09:40:04'),
('20210623103049374', 2, '137123123123', 'Winny', '1996-12-19', '082383010098', 'winny@mail.com', 'Jalan Merdeka', 'PNS', '2021-06-23 10:30:49', '2021-06-23 10:30:49'),
('43252', 1, '1371489556699500055', 'Budi', '1997-12-19', '085218558222', 'budi@email.com', 'Tanjung Aua', 'Polisi', '2021-04-05 14:35:19', '2021-04-29 14:13:37');

-- --------------------------------------------------------

--
-- Struktur dari tabel `discount`
--

CREATE TABLE `discount` (
  `id` bigint(20) NOT NULL,
  `title_discount` varchar(255) NOT NULL,
  `value` int(11) NOT NULL,
  `tgl_start` date NOT NULL,
  `tgl_end` date NOT NULL
) ENGINE=InnoDB DEFAULT CHARSET=utf8mb4;

--
-- Dumping data untuk tabel `discount`
--

INSERT INTO `discount` (`id`, `title_discount`, `value`, `tgl_start`, `tgl_end`) VALUES
(1, 'Promo Anniversary', 50, '2021-03-01', '2021-03-08'),
(2, 'Promo Maret Ceria', 20, '2021-03-01', '2021-03-31'),
(4, 'Lebaran', 50, '2021-05-29', '2021-05-31'),
(5, 'Last Year', 50, '2021-06-16', '2021-06-23');

-- --------------------------------------------------------

--
-- Struktur dari tabel `doctor`
--

CREATE TABLE `doctor` (
  `id` varchar(100) NOT NULL,
  `name` varchar(255) NOT NULL,
  `address` text NOT NULL,
  `birth_date` date NOT NULL,
  `identity_number` varchar(50) NOT NULL,
  `idi_number` varchar(50) NOT NULL,
  `sip_number` varchar(50) NOT NULL,
  `phone` varchar(15) NOT NULL,
  `email` varchar(255) NOT NULL,
  `created_at` datetime NOT NULL DEFAULT current_timestamp(),
  `updated_at` datetime NOT NULL DEFAULT current_timestamp() ON UPDATE current_timestamp()
) ENGINE=InnoDB DEFAULT CHARSET=utf8mb4;

--
-- Dumping data untuk tabel `doctor`
--

INSERT INTO `doctor` (`id`, `name`, `address`, `birth_date`, `identity_number`, `idi_number`, `sip_number`, `phone`, `email`, `created_at`, `updated_at`) VALUES
('DOC-210427084438468', 'dr Ismail bin Mail', 'jalan angkasa', '1990-04-21', '137123123123', '412343242', '31432423', '0812313132222', 'ismail@mail.com', '2021-04-27 08:44:38', '2021-06-15 09:01:30'),
('DOC-210428100053411', 'dr Sofi Sofia Putri', 'jalan jakarta', '1991-04-12', '1321312312', '32131', '312313', '0821213213123', 'sofi@mail.com', '2021-04-28 10:00:53', '2021-04-28 10:18:55'),
('DOC-210612112735914', 'dr Octa', 'Jalan merdeka', '1992-12-02', '1371324324321', '3424234', '432432654', '082232112311', 'octa@mail.com', '2021-06-12 11:27:35', '2021-06-12 11:27:35');

-- --------------------------------------------------------

--
-- Struktur dari tabel `items`
--

CREATE TABLE `items` (
  `id` varchar(100) NOT NULL,
  `note` text DEFAULT NULL
) ENGINE=InnoDB DEFAULT CHARSET=utf8mb4;

--
-- Dumping data untuk tabel `items`
--

INSERT INTO `items` (`id`, `note`) VALUES
('202106161034425525', ''),
('202106161527454066', ''),
('202106171039411838', ''),
('202106181351567354', ''),
('202106181448463142', ''),
('202106181450427723', ''),
('202106191004293118', ''),
('202106211350469433', ''),
('202106211510046483', ''),
('202106220848568866', ''),
('202106221522082317', ''),
('202106221525361160', ''),
('202106221533586572', ''),
('202106230814533336', ''),
('202106231036486821', '');

-- --------------------------------------------------------

--
-- Struktur dari tabel `items_detail`
--

CREATE TABLE `items_detail` (
  `id` varchar(100) NOT NULL,
  `id_product` varchar(20) NOT NULL,
  `qty` int(11) NOT NULL DEFAULT 1,
  `id_items` varchar(100) NOT NULL
) ENGINE=InnoDB DEFAULT CHARSET=utf8mb4;

--
-- Dumping data untuk tabel `items_detail`
--

INSERT INTO `items_detail` (`id`, `id_product`, `qty`, `id_items`) VALUES
('202106161034422910', '1020020017', 1, '202106161034425525'),
('202106161034429565', '1020020001', 1, '202106161034425525'),
('202106161527451754', '1020020001', 1, '202106161527454066'),
('202106161527453221', '1020020017', 1, '202106161527454066'),
('202106161527453266', '1020020023', 1, '202106161527454066'),
('202106171039412254', '1020020021', 1, '202106171039411838'),
('202106171039418663', '1020020022', 1, '202106171039411838'),
('202106181351567178', '1020020018', 1, '202106181351567354'),
('202106181351567596', '1020020017', 1, '202106181351567354'),
('202106181351569000', '1020020020', 1, '202106181351567354'),
('202106181448461343', '1020020001', 1, '202106181448463142'),
('202106181448462885', '1020020017', 1, '202106181448463142'),
('202106181448465612', '1020020018', 1, '202106181448463142'),
('202106181450424527', '1020020018', 1, '202106181450427723'),
('202106181450428170', '1020020017', 1, '202106181450427723'),
('202106181450429871', '1020020001', 1, '202106181450427723'),
('202106191004296067', '1020020017', 1, '202106191004293118'),
('202106191004299864', '1020020001', 1, '202106191004293118'),
('202106211350464450', '1020020017', 1, '202106211350469433'),
('202106211350469043', '1020020001', 1, '202106211350469433'),
('202106211510041375', '1020020017', 1, '202106211510046483'),
('202106211510042636', '1020020001', 1, '202106211510046483'),
('202106220848562842', '1020020017', 1, '202106220848568866'),
('202106220848568720', '1020020001', 1, '202106220848568866'),
('20210622134512536', '1020020018', 3, '202106220848568866'),
('202106221522085420', '1020020001', 1, '202106221522082317'),
('202106221525362740', '1020020018', 1, '202106221525361160'),
('202106221525369892', '1020020019', 1, '202106221525361160'),
('202106230814535001', '1020020001', 2, '202106230814533336'),
('20210623085330335', '1020020017', 3, '202106230814533336'),
('202106231036482735', '1020020001', 1, '202106231036486821'),
('20210623103704732', '1020020017', 2, '202106231036486821');

-- --------------------------------------------------------

--
-- Struktur dari tabel `medical_records`
--

CREATE TABLE `medical_records` (
  `id` varchar(255) NOT NULL,
  `id_doctor` varchar(100) NOT NULL,
  `id_customer` varchar(100) NOT NULL,
  `id_store` int(11) NOT NULL DEFAULT 1,
  `id_queue` varchar(100) DEFAULT NULL,
  `created_at` datetime NOT NULL DEFAULT current_timestamp(),
  `updated_at` datetime NOT NULL DEFAULT current_timestamp() ON UPDATE current_timestamp()
) ENGINE=InnoDB DEFAULT CHARSET=utf8mb4;

--
-- Dumping data untuk tabel `medical_records`
--

INSERT INTO `medical_records` (`id`, `id_doctor`, `id_customer`, `id_store`, `id_queue`, `created_at`, `updated_at`) VALUES
('10001', 'DOC-210428100053411', '20210527105912450', 1, 'Q0706210001', '2021-06-07 13:31:56', '2021-06-12 13:50:01'),
('10002', 'DOC-210428100053411', '20210527105133474', 1, 'Q0806210001', '2021-06-08 08:33:44', '2021-06-12 13:50:10'),
('10003', 'DOC-210428100053411', '20210501104626635', 1, 'Q0806210002', '2021-06-08 10:54:03', '2021-06-12 13:50:16'),
('10004', 'DOC-210428100053411', '20210501103816976', 1, NULL, '2021-06-09 14:07:27', '2021-06-12 13:50:25'),
('10005', 'DOC-210428100053411', '20210527104919366', 1, NULL, '2021-06-12 14:09:58', '2021-06-12 14:09:58'),
('10006', 'DOC-210428100053411', '20210501092202631', 1, NULL, '2021-06-14 08:55:00', '2021-06-14 08:55:00'),
('20001', 'DOC-210612112735914', '20210611030421685', 2, NULL, '2021-06-12 13:26:39', '2021-06-12 13:50:41'),
('20002', 'DOC-210612112735914', '20210612113254890', 2, NULL, '2021-06-12 14:07:36', '2021-06-12 14:07:36'),
('20003', 'DOC-210612112735914', '20210612113920109', 2, NULL, '2021-06-14 08:43:34', '2021-06-14 08:43:34'),
('20004', 'DOC-210612112735914', '20210616103226322', 2, NULL, '2021-06-16 10:34:42', '2021-06-16 10:34:42'),
('20005', 'DOC-210612112735914', '20210617081619683', 2, NULL, '2021-06-17 10:39:41', '2021-06-17 10:39:41'),
('20006', 'DOC-210612112735914', '20210618025012664', 2, NULL, '2021-06-18 14:50:42', '2021-06-18 14:50:42'),
('20007', 'DOC-210612112735914', '20210619101401389', 2, NULL, '2021-06-21 13:50:46', '2021-06-21 13:50:46'),
('20008', 'DOC-210612112735914', '20210619095349901', 2, NULL, '2021-06-21 15:10:04', '2021-06-21 15:10:04'),
('20009', 'DOC-210612112735914', '20210623094004647', 2, NULL, '2021-06-23 10:36:48', '2021-06-23 10:36:48');

-- --------------------------------------------------------

--
-- Struktur dari tabel `medical_records_detail`
--

CREATE TABLE `medical_records_detail` (
  `id` varchar(100) NOT NULL,
  `id_medical_records` varchar(255) NOT NULL,
  `anamnesa` text NOT NULL,
  `pemeriksaan` text NOT NULL,
  `diagnosa` text NOT NULL,
  `id_therapies` varchar(100) NOT NULL,
  `id_items` varchar(100) DEFAULT NULL,
  `id_queue` varchar(100) NOT NULL,
  `image_before` varchar(255) DEFAULT NULL,
  `image_after` varchar(255) DEFAULT NULL,
  `created_at` datetime NOT NULL DEFAULT current_timestamp(),
  `updated_at` datetime NOT NULL DEFAULT current_timestamp() ON UPDATE current_timestamp()
) ENGINE=InnoDB DEFAULT CHARSET=utf8mb4;

--
-- Dumping data untuk tabel `medical_records_detail`
--

INSERT INTO `medical_records_detail` (`id`, `id_medical_records`, `anamnesa`, `pemeriksaan`, `diagnosa`, `id_therapies`, `id_items`, `id_queue`, `image_before`, `image_after`, `created_at`, `updated_at`) VALUES
('', '10001', 'Tes', 'Tes', 'tess', '202106071331565048', NULL, 'Q0706210001', NULL, NULL, '2021-06-07 13:31:56', '2021-06-16 10:06:30'),
('10020210614111405', '20001', 'Yuli Anamnesa', 'Yuli Pemeriksaan', 'Yuli DIagnosa', '202106141114058834', NULL, 'Q021406210002', NULL, NULL, '2021-06-14 11:14:05', '2021-06-16 10:06:48'),
('10920210612132440', '10001', 'Tes2222', 'Tes2222', 'Tes22222', '202106121324401391', NULL, 'Q011206210001', NULL, NULL, '2021-06-12 13:24:40', '2021-06-16 10:06:48'),
('17020210619100429', '20006', 'Kotori Anamnesa', 'Kotori Pemeriksaan', 'Kotori Diagnosa', '202106191004291274', '202106191004293118', 'Q021906210001', NULL, NULL, '2021-06-19 10:04:29', '2021-06-19 10:04:29'),
('22620210618135156', '20004', 'Halohaa', 'halohaaaa', 'halohaaaa', '202106181351569779', NULL, 'Q021806210001', NULL, NULL, '2021-06-18 13:51:56', '2021-06-18 13:51:56'),
('30620210608105403', '10003', 'jerawatyyyy', 'hayoooloooo', 'Tessssss', '202106081054036665', NULL, 'Q0806210002', NULL, NULL, '2021-06-08 10:54:03', '2021-06-16 10:06:48'),
('34820210622152208', '20007', 'rani new anamnesa', 'rani new pemeriksaan', 'rani new diagnosa', '202106221522084779', '202106221522082317', 'Q022206210002', NULL, NULL, '2021-06-22 15:22:08', '2021-06-22 15:22:08'),
('35120210609085508', '10003', 'Gagaaa', 'gaga', 'gaga', '202106090855088960', NULL, 'Q0906210001', NULL, NULL, '2021-06-09 08:55:08', '2021-06-16 10:06:48'),
('35820210608083344', '10002', 'jerawattttttt', 'jerawat', 'jerawat', '202106080833443968', NULL, '	 Q0806210001', NULL, NULL, '2021-06-08 08:33:44', '2021-06-16 10:06:48'),
('41520210621151004', '20008', 'nina anamnesa', 'nina pemeriksaan', 'nina diagnosa', '202106211510047662', '202106211510046483', 'Q022106210002', NULL, NULL, '2021-06-21 15:10:04', '2021-06-21 15:10:04'),
('45020210617103941', '20005', 'Geni Anamnesa', 'Geni Pemeriksaan', 'Geni Diagnosa', '202106171039411071', '202106171039411838', 'Q021706210001', NULL, NULL, '2021-06-17 10:39:41', '2021-06-17 10:39:41'),
('49720210622153358', '20006', 'kotori anamnesa new', 'kotori pemeriksaan new', 'kotori diagnosa new', '202106221533583564', '202106221533586572', 'Q022206210004', NULL, NULL, '2021-06-22 15:33:58', '2021-06-22 15:33:58'),
('53420210614085500', '10006', 'jaka anamnesa', 'jaka pemeriksaan', 'jaka diagnosa', '202106140855006818', NULL, 'Q011406210001', NULL, NULL, '2021-06-14 08:55:00', '2021-06-16 10:06:48'),
('53820210622152536', '20008', 'nina anamnesa new', 'nina pemeriksaan new', 'nina diagnosa new', '202106221525362010', '202106221525361160', 'Q022206210003', NULL, NULL, '2021-06-22 15:25:36', '2021-06-22 15:25:36'),
('56520210609140727', '10004', 'Jiijjijij', 'jijijij', 'jijijiji', '202106091407276069', NULL, 'Q0906210002', NULL, NULL, '2021-06-09 14:07:27', '2021-06-16 10:06:48'),
('56920210618144846', '20001', 'yuliiiisis', 'yulisisisi', 'yulisisis', '202106181448464202', NULL, 'Q021806210002', NULL, NULL, '2021-06-18 14:48:46', '2021-06-18 14:48:46'),
('60420210618145042', '20006', 'Kotori Anamnesa', 'kotori pemeriksaan', 'kotori diagnosa', '202106181450425575', '202106181450427723', 'Q021806210003', NULL, NULL, '2021-06-18 14:50:42', '2021-06-18 14:50:42'),
('68420210614084334', '20003', 'inul anamnesa', 'inul pemeriksaan', 'inul diagnosa', '202106140843349609', NULL, 'Q021406210001', NULL, NULL, '2021-06-14 08:43:34', '2021-06-16 10:06:48'),
('70320210616103442', '20004', 'Hana anamnesa', 'Hana pemeriksaan', 'Hana diagnosa', '202106161034427926', '202106161034425525', 'Q021606210002', NULL, NULL, '2021-06-16 10:34:42', '2021-06-16 10:34:42'),
('70920210612140736', '20002', 'Ini anamnesa', 'ini pemeriksaan', 'ini diagnosa', '202106121407361331', NULL, 'Q021206210002', NULL, NULL, '2021-06-12 14:07:36', '2021-06-16 10:06:48'),
('73620210623081453', '20007', 'Rani Anamnesa 23 Jun', 'Rani Pemeriksaan 23 Jun', 'Rani Diagnosa 23 Jun', '202106230814535357', '202106230814533336', 'Q022306210001', NULL, NULL, '2021-06-23 08:14:53', '2021-06-23 08:14:53'),
('88620210609143557', '10001', 'tes jiji', 'tes jiji', 'tes jiji', '202106091435571198', NULL, 'Q0906210003', NULL, NULL, '2021-06-09 14:35:57', '2021-06-16 10:06:48'),
('88920210621135046', '20007', 'rani anamnesa', 'rani pemeriksaan', 'rani diagnosa', '202106211350461741', '202106211350469433', 'Q022106210001', NULL, NULL, '2021-06-21 13:50:46', '2021-06-21 13:50:46'),
('90420210623103648', '20009', 'Jeny Anamnesa', 'Jeny Pemeriksaan ', 'Jeny Diagnosa', '202106231036488140', '202106231036486821', 'Q022306210002', NULL, NULL, '2021-06-23 10:36:48', '2021-06-23 10:36:48'),
('92420210622084856', '20001', 'Yuli Anamnesa ', 'Yuli Pemeriksaan', 'Yuli Diagnosa', '202106220848566048', '202106220848568866', 'Q022206210001', NULL, NULL, '2021-06-22 08:48:56', '2021-06-22 08:48:56'),
('93920210612140958', '10005', 'gdfgadg', 'dsfsafsda', 'fdsafasdf', '202106121409582736', NULL, 'Q011206210002', NULL, NULL, '2021-06-12 14:09:58', '2021-06-16 10:06:48'),
('95420210612132639', '20001', 'Teshdsaihda', 'tewdasjkldas', 'djsakldjaskljdkla', '202106121326394294', NULL, 'Q021206210001', NULL, NULL, '2021-06-12 13:26:39', '2021-06-16 10:06:48'),
('95820210616152745', '20001', 'Huhu', 'huhu', 'huhu', '202106161527456455', NULL, 'Q021606210003', NULL, NULL, '2021-06-16 15:27:45', '2021-06-16 15:27:45');

-- --------------------------------------------------------

--
-- Struktur dari tabel `product`
--

CREATE TABLE `product` (
  `id` varchar(20) NOT NULL,
  `id_category` varchar(10) NOT NULL,
  `id_store` int(11) NOT NULL DEFAULT 1,
  `slug` varchar(200) NOT NULL,
  `title` varchar(200) NOT NULL,
  `stock` int(11) NOT NULL DEFAULT 0,
  `price` int(11) NOT NULL,
  `purchase_price` int(11) NOT NULL DEFAULT 0,
  `is_available` tinyint(4) NOT NULL DEFAULT 1,
  `image` varchar(255) DEFAULT NULL,
  `created_at` datetime NOT NULL DEFAULT current_timestamp(),
  `updated_at` datetime NOT NULL DEFAULT current_timestamp() ON UPDATE current_timestamp()
) ENGINE=InnoDB DEFAULT CHARSET=utf8mb4;

--
-- Dumping data untuk tabel `product`
--

INSERT INTO `product` (`id`, `id_category`, `id_store`, `slug`, `title`, `stock`, `price`, `purchase_price`, `is_available`, `image`, `created_at`, `updated_at`) VALUES
('1020010001', '102001', 1, 'testing', 'Testing', 0, 120000, 0, 1, 'testing-20210210134408.png', '2021-02-09 14:51:58', '2021-03-15 10:14:37'),
('1020010002', '102001', 1, 'treatment', 'Treatment', 0, 100000, 0, 1, 'default-20210210114704.png', '2021-02-10 10:59:17', '2021-03-15 10:14:34'),
('1020010003', '102001', 1, 'meso', 'Meso', 0, 900000, 0, 1, '', '2021-06-01 09:56:06', '2021-06-24 13:29:33'),
('1020010004', '102001', 2, 'acne-treatment', 'Acne Treatment', 0, 500000, 0, 1, '', '2021-06-14 09:46:20', '2021-06-14 09:48:15'),
('1020010005', '102001', 2, 'white-treatment', 'White Treatment', 0, 600000, 0, 1, '', '2021-06-14 09:48:41', '2021-06-14 09:48:41'),
('1020020001', '102002', 2, 'acne-serum', 'Acne Serum', 311, 290000, 30000, 1, '', '2021-02-09 14:51:38', '2021-06-25 10:37:43'),
('1020020002', '102002', 1, 'testing', 'Testing', 9, 290000, 0, 1, 'default-20210210115523.png', '2021-02-09 14:56:30', '2021-06-11 11:56:57'),
('1020020003', '102002', 1, 'hers-skincare', 'Hers Skincare', 88, 290000, 0, 1, '', '2021-02-12 14:50:39', '2021-06-07 15:38:06'),
('1020020004', '102002', 1, 'sunscreen-glowing', 'Sunscreen Glowing', 190, 300000, 0, 1, 'sunscreen20glowing-20210301093811.png', '2021-02-13 15:59:09', '2021-05-28 08:52:28'),
('1020020005', '102002', 1, 'mixagrip', 'Mixagrip', 152, 60000, 0, 1, '', '2021-03-30 14:25:13', '2021-06-23 09:44:59'),
('1020020006', '102002', 1, 'mixagrip-b', 'Mixagrip B', 0, 100000, 0, 1, '', '2021-03-30 14:28:14', '2021-03-30 14:28:14'),
('1020020007', '102002', 1, 'hers-toner', 'Hers Toner', 0, 120000, 0, 1, '', '2021-03-30 14:30:24', '2021-03-30 14:30:24'),
('1020020008', '102002', 1, 'white-skincare', 'White Skincare', 7, 200000, 0, 1, '', '2021-03-30 14:31:11', '2021-06-11 10:42:04'),
('1020020009', '102002', 1, 'skincare-a', 'Skincare A', 0, 100000, 0, 1, '', '2021-03-31 11:01:48', '2021-03-31 11:01:48'),
('1020020010', '102002', 1, 'night-cream-hers', 'Night Cream Hers', 0, 120000, 0, 1, '', '2021-03-31 11:02:14', '2021-03-31 11:02:14'),
('1020020011', '102002', 1, 'day-cream-hers', 'Day Cream Hers', 0, 290000, 0, 1, '', '2021-03-31 11:02:55', '2021-03-31 11:02:55'),
('1020020012', '102002', 1, 'cream-pemutih', 'Cream Pemutih', 0, 130000, 0, 1, '', '2021-03-31 11:07:00', '2021-03-31 11:07:00'),
('1020020013', '102002', 1, 'sun-screen-hers', 'Sun Screen Hers', 0, 120000, 0, 1, '', '2021-03-31 11:07:18', '2021-03-31 11:07:18'),
('1020020014', '102002', 1, 'pelembab', 'Pelembab', 40, 50000, 0, 1, '', '2021-03-31 11:09:54', '2021-06-24 13:09:43'),
('1020020015', '102002', 1, 'hers-toner-b', 'Hers Toner B', 0, 160000, 0, 1, '', '2021-03-31 11:10:38', '2021-03-31 11:10:38'),
('1020020016', '102002', 1, 'body-lotion', 'Body Lotion', 198, 120000, 0, 1, '', '2021-04-27 09:38:22', '2021-06-07 15:38:06'),
('1020020017', '102002', 2, 'acne-ct', 'Acne CT', 99, 40000, 0, 1, '', '2021-06-15 13:59:17', '2021-06-24 16:30:08'),
('1020020018', '102002', 2, 'gentle-cleanser', 'Gentle Cleanser', 0, 18000, 0, 1, '', '2021-06-15 14:02:35', '2021-06-15 14:02:35'),
('1020020019', '102002', 2, 'glowing-white-serum', 'Glowing White Serum', 0, 90000, 0, 1, '', '2021-06-15 14:03:08', '2021-06-15 14:03:08'),
('1020020020', '102002', 2, 'vegetable-mask', 'Vegetable Mask', 0, 140000, 0, 1, '', '2021-06-15 14:03:35', '2021-06-15 14:03:35'),
('1020020021', '102002', 2, 'moisrurizer-cream', 'Moisrurizer Cream', 0, 50000, 0, 1, '', '2021-06-15 14:04:35', '2021-06-15 14:04:35'),
('1020020022', '102002', 2, 'daily-sunscreen-3', 'Daily Sunscreen 3', 0, 40000, 0, 1, '', '2021-06-15 14:04:55', '2021-06-15 14:04:55'),
('1020020023', '102002', 2, 'topicare-cleanser', 'Topicare Cleanser', 0, 70000, 0, 1, '', '2021-06-15 14:05:26', '2021-06-15 14:05:26'),
('1020020024', '102002', 2, 'moisturizer-serum', 'Moisturizer Serum', 0, 120000, 0, 1, '', '2021-06-15 14:06:00', '2021-06-15 14:06:00'),
('1020020025', '102002', 2, 'moisturizing-lotion-100-ml', 'Moisturizing Lotion 100 Ml', 0, 80000, 0, 1, '', '2021-06-15 14:06:53', '2021-06-15 14:06:53'),
('1020020026', '102002', 2, 'moisturizing-lotion-30-ml', 'Moisturizing Lotion 30 Ml', 0, 40000, 0, 1, '', '2021-06-15 14:07:22', '2021-06-15 14:07:22'),
('1020020027', '102002', 2, 'back-acne-spray-celetuque', 'Back Acne Spray Celetuque', 0, 120000, 0, 1, '', '2021-06-15 14:10:53', '2021-06-15 14:10:53'),
('1020020028', '102002', 2, 'zink-suplement', 'Zink Suplement', 0, 140000, 0, 1, '', '2021-06-15 14:11:15', '2021-06-15 14:11:15'),
('1020020029', '102002', 2, 'fbg', 'FBG', 0, 45000, 0, 1, '', '2021-06-15 14:12:48', '2021-06-15 14:12:48'),
('1020020030', '102002', 2, 'gold-serum', 'Gold Serum', 0, 77000, 0, 1, '', '2021-06-15 15:42:47', '2021-06-15 15:42:47'),
('1020020031', '102002', 2, 'oily-facial-cleanser', 'Oily Facial Cleanser', 0, 45000, 0, 1, '', '2021-06-15 15:43:20', '2021-06-15 15:43:20'),
('1020020032', '102002', 2, 'befit-suplement', 'Befit Suplement', 0, 550000, 0, 1, '', '2021-06-15 15:44:04', '2021-06-15 15:44:04'),
('1020020033', '102002', 2, 'centella-asiatica', 'Centella Asiatica', 0, 59000, 0, 1, '', '2021-06-15 15:44:42', '2021-06-15 15:44:42');

-- --------------------------------------------------------

--
-- Struktur dari tabel `product_in`
--

CREATE TABLE `product_in` (
  `id` varchar(100) NOT NULL,
  `id_product` varchar(20) NOT NULL,
  `stock_in` int(11) NOT NULL,
  `total_purchase` int(11) DEFAULT 0,
  `note` text NOT NULL,
  `created_at` datetime NOT NULL DEFAULT current_timestamp(),
  `updated_at` datetime NOT NULL DEFAULT current_timestamp() ON UPDATE current_timestamp()
) ENGINE=InnoDB DEFAULT CHARSET=utf8mb4;

--
-- Dumping data untuk tabel `product_in`
--

INSERT INTO `product_in` (`id`, `id_product`, `stock_in`, `total_purchase`, `note`, `created_at`, `updated_at`) VALUES
('202103151015065496', '1020020003', 100, 0, '-', '2021-03-15 10:15:06', '2021-06-25 09:38:04'),
('202103151015129563', '1020020001', 100, 0, '-', '2021-03-15 10:15:12', '2021-06-25 09:38:04'),
('202103151015388615', '1020020004', 200, 0, '-', '2021-03-15 10:15:38', '2021-06-25 09:38:04'),
('202103170928389802', '1020020002', 10, 0, '-', '2021-03-17 09:28:38', '2021-06-25 09:38:04'),
('202104010914479309', '1020020005', 100, 0, '-', '2021-04-01 09:14:47', '2021-06-25 09:38:04'),
('202104270939263069', '1020020016', 200, 0, '-', '2021-04-27 09:39:26', '2021-06-25 09:38:04'),
('202106230944591414', '1020020005', 100, 0, '-', '2021-06-23 09:44:59', '2021-06-25 09:38:04'),
('202106231433104572', '1020020017', 100, 0, '-', '2021-06-23 14:33:10', '2021-06-25 09:38:04'),
('202106241309437022', '1020020014', 40, 0, '-', '2021-06-24 13:09:43', '2021-06-25 09:38:04'),
('202106251037438639', '1020020001', 100, 3000000, '-', '2021-06-25 10:18:13', '2021-06-25 10:37:43');

-- --------------------------------------------------------

--
-- Struktur dari tabel `queue`
--

CREATE TABLE `queue` (
  `id` varchar(100) NOT NULL,
  `id_customer` varchar(100) NOT NULL,
  `id_store` int(11) NOT NULL DEFAULT 1,
  `status` enum('waiting','on_consult','on_progress','paid','done') NOT NULL DEFAULT 'waiting',
  `created_at` datetime NOT NULL DEFAULT current_timestamp()
) ENGINE=InnoDB DEFAULT CHARSET=utf8mb4;

--
-- Dumping data untuk tabel `queue`
--

INSERT INTO `queue` (`id`, `id_customer`, `id_store`, `status`, `created_at`) VALUES
('Q0105210001', '20210501103816976', 1, 'waiting', '2021-05-01 10:38:20'),
('Q0105210002', '20210501104626635', 1, 'waiting', '2021-05-01 10:46:33'),
('Q0106210001', '20210527104919366', 1, 'paid', '2021-06-01 08:56:19'),
('Q0106210002', '20210504092147827', 1, 'on_consult', '2021-06-01 08:57:48'),
('Q011106210001', '20210504092147827', 1, 'on_consult', '2021-06-11 15:50:13'),
('Q011106210002', '20210501104626635', 1, 'waiting', '2021-06-11 16:13:01'),
('Q011206210001', '20210527105912450', 1, 'on_progress', '2021-06-12 11:19:54'),
('Q011206210002', '20210527104919366', 1, 'on_progress', '2021-06-12 11:20:04'),
('Q011206210003', '20210504092147827', 1, 'on_consult', '2021-06-12 11:20:09'),
('Q011206210004', '20210527110545840', 1, 'waiting', '2021-06-12 13:24:20'),
('Q011406210001', '20210501092202631', 1, 'paid', '2021-06-14 08:54:29'),
('Q0206210001', '20210527110545840', 1, 'paid', '2021-06-02 11:04:43'),
('Q021106210001', '20210611030421685', 2, 'waiting', '2021-06-11 15:50:42'),
('Q021206210001', '20210611030421685', 2, 'on_progress', '2021-06-12 11:15:13'),
('Q021206210002', '20210612113254890', 2, 'on_progress', '2021-06-12 11:33:41'),
('Q021206210003', '20210612113920109', 2, 'waiting', '2021-06-12 13:26:19'),
('Q021406210001', '20210612113920109', 2, 'paid', '2021-06-14 08:42:36'),
('Q021406210002', '20210611030421685', 2, 'paid', '2021-06-14 10:40:54'),
('Q021506210001', '20210611030421685', 2, 'on_consult', '2021-06-15 09:32:04'),
('Q021606210002', '20210616103226322', 2, 'on_progress', '2021-06-16 10:32:35'),
('Q021606210003', '20210611030421685', 2, 'on_progress', '2021-06-16 10:46:51'),
('Q021606210004', '20210612113254890', 2, 'on_consult', '2021-06-16 15:56:09'),
('Q021706210001', '20210617081619683', 2, 'on_progress', '2021-06-17 08:16:21'),
('Q021806210001', '20210616103226322', 2, 'on_progress', '2021-06-18 13:49:19'),
('Q021806210002', '20210611030421685', 2, 'on_progress', '2021-06-18 14:05:34'),
('Q021806210003', '20210618025012664', 2, 'on_progress', '2021-06-18 14:50:14'),
('Q021806210004', '20210612113920109', 2, 'on_consult', '2021-06-18 14:53:18'),
('Q021906210001', '20210618025012664', 2, 'paid', '2021-06-19 08:41:12'),
('Q021906210002', '20210619095349901', 2, 'on_consult', '2021-06-19 09:54:05'),
('Q021906210003', '20210616103226322', 2, 'waiting', '2021-06-19 09:56:58'),
('Q021906210004', '20210619101401389', 2, 'waiting', '2021-06-19 10:14:05'),
('Q022106210001', '20210619101401389', 2, 'on_progress', '2021-06-21 09:07:45'),
('Q022106210002', '20210619095349901', 2, 'on_progress', '2021-06-21 14:05:22'),
('Q022106210003', '20210618025012664', 2, 'on_consult', '2021-06-21 15:09:32'),
('Q022206210001', '20210611030421685', 2, 'on_progress', '2021-06-22 08:48:25'),
('Q022206210002', '20210619101401389', 2, 'on_progress', '2021-06-22 15:21:20'),
('Q022206210003', '20210619095349901', 2, 'on_progress', '2021-06-22 15:23:46'),
('Q022206210004', '20210618025012664', 2, 'on_progress', '2021-06-22 15:33:09'),
('Q022306210001', '20210619101401389', 2, 'paid', '2021-06-23 08:11:11'),
('Q022306210002', '20210623094004647', 2, 'paid', '2021-06-23 09:40:28'),
('Q022306210003', '20210623103049374', 2, 'on_consult', '2021-06-23 10:30:54'),
('Q0305210001', '20210501104626635', 1, 'waiting', '2021-05-03 15:22:58'),
('Q0405210001', '20210501104626635', 1, 'waiting', '2021-05-04 08:34:15'),
('Q0405210002', '20210501092202631', 1, 'waiting', '2021-05-04 09:19:02'),
('Q0405210003', '20210504092147827', 1, 'waiting', '2021-05-04 09:21:56'),
('Q0406210001', '20210527105912450', 1, 'paid', '2021-06-04 10:05:07'),
('Q0505210001', '20210504092147827', 1, 'waiting', '2021-05-05 10:02:32'),
('Q0506210001', '20210527105912450', 1, 'on_progress', '2021-06-05 10:16:59'),
('Q0506210002', '20210527105133474', 1, 'on_progress', '2021-06-05 10:46:46'),
('Q0705210001', '20210501103816976', 1, 'on_consult', '2021-05-07 14:50:38'),
('Q0705210002', '20210501104626635', 1, 'waiting', '2021-05-07 14:51:01'),
('Q0706210001', '20210527105912450', 1, 'paid', '2021-06-07 13:27:52'),
('Q0805210001', '20210504092147827', 1, 'on_progress', '2021-05-08 09:32:47'),
('Q0805210002', '20210501104626635', 1, 'on_progress', '2021-05-08 09:56:06'),
('Q0805210003', '20210501103816976', 1, 'on_consult', '2021-05-08 10:26:33'),
('Q0805210004', '20210501092202631', 1, 'waiting', '2021-05-08 14:51:41'),
('Q0806210001', '20210527105133474', 1, 'on_progress', '2021-06-08 08:30:15'),
('Q0806210002', '20210501104626635', 1, 'on_progress', '2021-06-08 10:53:33'),
('Q0806210003', '20210527104919366', 1, 'on_consult', '2021-06-08 11:10:00'),
('Q0906210001', '20210501104626635', 1, 'on_progress', '2021-06-09 08:45:04'),
('Q0906210002', '20210501103816976', 1, 'on_progress', '2021-06-09 14:07:12'),
('Q0906210003', '20210527105912450', 1, 'on_progress', '2021-06-09 14:35:34'),
('Q1005210001', '20210504092147827', 1, 'paid', '2021-05-10 08:42:39'),
('Q1005210002', '20210501104626635', 1, 'paid', '2021-05-10 08:43:08'),
('Q1005210003', '20210501103816976', 1, 'on_progress', '2021-05-10 09:38:54'),
('Q1005210004', '20210501092202631', 1, 'on_consult', '2021-05-10 14:46:11'),
('Q1805210001', '20210504092147827', 1, 'paid', '2021-05-18 08:10:51'),
('Q1805210002', '20210501104626635', 1, 'on_consult', '2021-05-18 10:34:48'),
('Q1805210003', '20210501103816976', 1, 'waiting', '2021-05-18 10:35:00'),
('Q2705210001', '20210527080826434', 1, 'paid', '2021-05-27 08:08:35'),
('Q2705210002', '20210405023611615', 1, 'paid', '2021-05-27 08:11:56'),
('Q2705210003', '20210405032814324', 1, 'paid', '2021-05-27 08:12:10'),
('Q2705210004', '20210501104626635', 1, 'paid', '2021-05-27 09:57:58'),
('Q2705210005', '20210501103816976', 1, 'paid', '2021-05-27 10:30:09'),
('Q2705210006', '20210527104919366', 1, 'paid', '2021-05-27 10:49:21'),
('Q2705210007', '20210527105133474', 1, 'paid', '2021-05-27 10:51:38'),
('Q2705210008', '20210527110545840', 1, 'paid', '2021-05-27 11:44:11'),
('Q2705210009', '20210501092202631', 1, 'paid', '2021-05-27 12:39:06'),
('Q2805210001', '20210527105912450', 1, 'paid', '2021-05-28 09:05:23'),
('Q2805210002', '20210527110545840', 1, 'paid', '2021-05-28 09:31:36'),
('Q2905210001', '20210527110545840', 1, 'paid', '2021-05-29 09:40:03');

-- --------------------------------------------------------

--
-- Struktur dari tabel `store`
--

CREATE TABLE `store` (
  `id` int(11) NOT NULL,
  `name` varchar(255) NOT NULL,
  `phone` varchar(16) NOT NULL,
  `address` text NOT NULL,
  `created_at` datetime NOT NULL DEFAULT current_timestamp(),
  `updated_at` datetime NOT NULL DEFAULT current_timestamp() ON UPDATE current_timestamp()
) ENGINE=InnoDB DEFAULT CHARSET=utf8mb4;

--
-- Dumping data untuk tabel `store`
--

INSERT INTO `store` (`id`, `name`, `phone`, `address`, `created_at`, `updated_at`) VALUES
(1, 'Hers Clinic Siteba', '08221231112321', 'Jl. Raya Siteba No.26, Surau Gadang, Kec. Nanggalo, Kota Padang', '2021-06-10 14:04:45', '2021-06-10 14:40:56'),
(2, 'Hers Clinic Bandar Damar', '08213214233432', 'Jln. Bandar Damar, Padang Barat, Padang', '2021-06-10 14:09:30', '2021-06-10 14:40:44');

-- --------------------------------------------------------

--
-- Struktur dari tabel `therapies`
--

CREATE TABLE `therapies` (
  `id` varchar(100) NOT NULL,
  `note` text DEFAULT NULL
) ENGINE=InnoDB DEFAULT CHARSET=utf8mb4;

--
-- Dumping data untuk tabel `therapies`
--

INSERT INTO `therapies` (`id`, `note`) VALUES
('202106071331565048', ''),
('202106080831013104', ''),
('202106080831046916', ''),
('202106080831101305', ''),
('202106080833443968', ''),
('202106081054036665', 'Tes afagagaaaaaaadsadasd'),
('202106090845339304', 'tess'),
('202106090845383432', 'tess'),
('202106090855088960', 'gagaga'),
('202106091407276069', ''),
('202106091435571198', ''),
('202106121324401391', ''),
('202106121326394294', ''),
('202106121407361331', ''),
('202106121409582736', ''),
('202106140843349609', ''),
('202106140855006818', ''),
('202106141114058834', ''),
('202106161034427926', 'Gigi'),
('202106161527456455', ''),
('202106171039411071', ''),
('202106181351569779', ''),
('202106181448464202', ''),
('202106181450425575', ''),
('202106191004291274', ''),
('202106211350461741', ''),
('202106211510047662', ''),
('202106220848566048', ''),
('202106221522084779', ''),
('202106221525362010', ''),
('202106221533583564', ''),
('202106230814535357', ''),
('202106231036488140', '');

-- --------------------------------------------------------

--
-- Struktur dari tabel `therapies_detail`
--

CREATE TABLE `therapies_detail` (
  `id` varchar(100) NOT NULL,
  `id_product` varchar(20) NOT NULL,
  `id_therapies` varchar(100) NOT NULL
) ENGINE=InnoDB DEFAULT CHARSET=utf8mb4;

--
-- Dumping data untuk tabel `therapies_detail`
--

INSERT INTO `therapies_detail` (`id`, `id_product`, `id_therapies`) VALUES
('20210607133156354', '1020010001', '202106071331565048'),
('20210607133156626', '1020010002', '202106071331565048'),
('20210608083101702', '1020010002', '202106080831013104'),
('20210608083104611', '1020010002', '202106080831046916'),
('20210608083110613', '1020010002', '202106080831101305'),
('20210608083344489', '1020010002', '202106080833443968'),
('20210608164143617', '1020010001', '202106081054036665'),
('20210608164659217', '1020010003', '202106081054036665'),
('20210608164659491', '1020010002', '202106081054036665'),
('20210609084533418', '1020010002', '202106090845339304'),
('20210609084538148', '1020010002', '202106090845383432'),
('20210609140727662', '1020010002', '202106091407276069'),
('20210609142908397', '1020010002', '202106090855088960'),
('20210609143557594', '1020010002', '202106091435571198'),
('20210612132440173', '1020010002', '202106121324401391'),
('20210612132639694', '1020010003', '202106121326394294'),
('20210612133027807', '1020010003', '202106121324401391'),
('20210612140736245', '1020010002', '202106121407361331'),
('20210612140736641', '1020010003', '202106121407361331'),
('20210612140958427', '1020010003', '202106121409582736'),
('20210612141839711', '1020010002', '202106121409582736'),
('20210614084334611', '1020010003', '202106140843349609'),
('20210614084334852', '1020010002', '202106140843349609'),
('20210614085500365', '1020010002', '202106140855006818'),
('20210614085500424', '1020010003', '202106140855006818'),
('20210614090755274', '1020010001', '202106140843349609'),
('20210614111405794', '1020010005', '202106141114058834'),
('20210614111405881', '1020010004', '202106141114058834'),
('20210616103442774', '1020010004', '202106161034427926'),
('20210616152745647', '1020010004', '202106161527456455'),
('20210617103941539', '1020010004', '202106171039411071'),
('20210618135156170', '1020010004', '202106181351569779'),
('20210618144846252', '1020010004', '202106181448464202'),
('20210618145042887', '1020010005', '202106181450425575'),
('20210619100429730', '1020010005', '202106191004291274'),
('20210619100429791', '1020010004', '202106191004291274'),
('20210621135046784', '1020010004', '202106211350461741'),
('20210621151004690', '1020010005', '202106211510047662'),
('20210621151004944', '1020010004', '202106211510047662'),
('20210622084856307', '1020010004', '202106220848566048'),
('20210622152208449', '1020010004', '202106221522084779'),
('20210622152536458', '1020010005', '202106221525362010'),
('20210622153358658', '1020010005', '202106221533583564'),
('20210622153358748', '1020010004', '202106221533583564'),
('20210623081453279', '1020010004', '202106230814535357'),
('20210623103648662', '1020010005', '202106231036488140'),
('20210623105112894', '1020010004', '202106231036488140');

-- --------------------------------------------------------

--
-- Struktur dari tabel `therapist`
--

CREATE TABLE `therapist` (
  `id` varchar(100) NOT NULL,
  `name` varchar(255) NOT NULL,
  `address` text NOT NULL,
  `birth_date` date NOT NULL,
  `identity_number` varchar(50) NOT NULL,
  `phone` varchar(15) NOT NULL,
  `email` varchar(255) NOT NULL,
  `created_at` datetime NOT NULL DEFAULT current_timestamp(),
  `updated_at` datetime NOT NULL DEFAULT current_timestamp() ON UPDATE current_timestamp()
) ENGINE=InnoDB DEFAULT CHARSET=utf8mb4;

--
-- Dumping data untuk tabel `therapist`
--

INSERT INTO `therapist` (`id`, `name`, `address`, `birth_date`, `identity_number`, `phone`, `email`, `created_at`, `updated_at`) VALUES
('TRP-210614035152574', 'Nindyyyy', 'Jalan Perjuangan', '1998-11-26', '1371324324321111', '082232112366', 'nindy@mail.com', '2021-06-14 15:51:52', '2021-06-14 21:09:28');

-- --------------------------------------------------------

--
-- Struktur dari tabel `transaction`
--

CREATE TABLE `transaction` (
  `invoice` varchar(100) NOT NULL,
  `id_user` int(11) DEFAULT NULL,
  `id_customer` varchar(100) DEFAULT NULL,
  `id_store` int(11) NOT NULL DEFAULT 1,
  `subtotal` int(11) NOT NULL,
  `purchase_price_total` int(11) NOT NULL,
  `discount_total` int(11) DEFAULT NULL,
  `total` int(11) NOT NULL,
  `cash_payment` int(11) NOT NULL,
  `money_change` int(11) NOT NULL,
  `created_at` datetime NOT NULL DEFAULT current_timestamp(),
  `updated_at` datetime NOT NULL DEFAULT current_timestamp() ON UPDATE current_timestamp()
) ENGINE=InnoDB DEFAULT CHARSET=utf8mb4;

--
-- Dumping data untuk tabel `transaction`
--

INSERT INTO `transaction` (`invoice`, `id_user`, `id_customer`, `id_store`, `subtotal`, `purchase_price_total`, `discount_total`, `total`, `cash_payment`, `money_change`, `created_at`, `updated_at`) VALUES
('202131533461', 1, NULL, 1, 580000, 0, 290000, 290000, 300000, 10000, '2021-03-15 10:18:10', '2021-06-11 10:14:24'),
('202131553065', 1, NULL, 1, 600000, 0, 300000, 300000, 300000, 0, '2021-03-15 11:24:10', '2021-06-11 10:14:24'),
('202131618401', 1, NULL, 1, 880000, 0, 0, 880000, 900000, 20000, '2021-03-16 10:03:07', '2021-06-11 10:14:24'),
('202131650456', 1, NULL, 1, 290000, 0, 0, 290000, 300000, 10000, '2021-03-16 10:33:45', '2021-06-11 10:14:24'),
('202131762075', 1, NULL, 1, 290000, 0, 0, 290000, 300000, 10000, '2021-03-17 09:26:10', '2021-06-11 10:14:24'),
('20214138080', 1, NULL, 1, 290000, 0, 0, 290000, 300000, 10000, '2021-04-01 16:24:26', '2021-06-11 10:14:24'),
('20214138884', 1, NULL, 1, 590000, 0, 0, 590000, 600000, 10000, '2021-04-01 09:07:06', '2021-06-11 10:14:24'),
('20214157751', 1, NULL, 1, 290000, 0, 0, 290000, 290000, 0, '2021-04-01 16:26:03', '2021-06-11 10:14:24'),
('20214168761', 1, NULL, 1, 290000, 0, 0, 290000, 300000, 10000, '2021-04-01 16:31:43', '2021-06-11 10:14:24'),
('20214211248', 1, NULL, 1, 60000, 0, 0, 60000, 60000, 0, '2021-04-02 15:25:18', '2021-06-11 10:14:24'),
('20214215342', 1, NULL, 1, 60000, 0, 0, 60000, 100000, 40000, '2021-04-02 11:00:05', '2021-06-11 10:14:24'),
('20214215520', 1, NULL, 1, 290000, 0, 0, 290000, 300000, 10000, '2021-04-02 09:34:18', '2021-06-11 10:14:24'),
('20214215636', 1, NULL, 1, 60000, 0, 0, 60000, 60000, 0, '2021-04-02 15:45:03', '2021-06-11 10:14:24'),
('20214216090', 1, NULL, 1, 60000, 0, 0, 60000, 60000, 0, '2021-04-02 09:43:14', '2021-06-11 10:14:24'),
('20214216985', 1, NULL, 1, 60000, 0, 0, 60000, 60000, 0, '2021-04-02 10:51:29', '2021-06-11 10:14:24'),
('20214217669', 1, NULL, 1, 60000, 0, 0, 60000, 60000, 0, '2021-04-02 11:30:55', '2021-06-11 10:14:24'),
('20214220037', 1, NULL, 1, 60000, 0, 0, 60000, 70000, 10000, '2021-04-02 09:54:38', '2021-06-11 10:14:24'),
('20214222807', 1, NULL, 1, 60000, 0, 0, 60000, 60000, 0, '2021-04-02 10:58:20', '2021-06-11 10:14:24'),
('20214224844', 1, NULL, 1, 60000, 0, 0, 60000, 60000, 0, '2021-04-02 15:24:21', '2021-06-11 10:14:24'),
('20214227011', 1, NULL, 1, 120000, 0, 0, 120000, 150000, 30000, '2021-04-02 09:37:48', '2021-06-11 10:14:24'),
('20214229671', 1, NULL, 1, 300000, 0, 0, 300000, 300000, 0, '2021-04-02 09:37:06', '2021-06-11 10:14:24'),
('20214234717', 1, NULL, 1, 60000, 0, 0, 60000, 60000, 0, '2021-04-02 11:54:16', '2021-06-11 10:14:24'),
('20214237955', 1, NULL, 1, 290000, 0, 0, 290000, 300000, 10000, '2021-04-02 09:29:44', '2021-06-11 10:14:24'),
('20214238899', 1, NULL, 1, 60000, 0, 0, 60000, 100000, 40000, '2021-04-02 11:57:10', '2021-06-11 10:14:24'),
('20214243465', 1, NULL, 1, 290000, 0, 0, 290000, 300000, 10000, '2021-04-02 09:34:50', '2021-06-11 10:14:24'),
('20214244228', 1, NULL, 1, 60000, 0, 0, 60000, 60000, 0, '2021-04-02 15:40:35', '2021-06-11 10:14:24'),
('20214247312', 1, NULL, 1, 180000, 0, 0, 180000, 200000, 20000, '2021-04-02 09:56:45', '2021-06-11 10:14:24'),
('20214249460', 1, NULL, 1, 60000, 0, 0, 60000, 60000, 0, '2021-04-02 15:30:55', '2021-06-11 10:14:24'),
('20214253980', 1, NULL, 1, 300000, 0, 0, 300000, 300000, 0, '2021-04-02 14:39:51', '2021-06-11 10:14:24'),
('20214254417', 1, NULL, 1, 60000, 0, 0, 60000, 60000, 0, '2021-04-02 15:43:05', '2021-06-11 10:14:24'),
('20214256021', 1, NULL, 1, 300000, 0, 0, 300000, 300000, 0, '2021-04-02 14:35:12', '2021-06-11 10:14:24'),
('20214256623', 1, NULL, 1, 300000, 0, 0, 300000, 300000, 0, '2021-04-02 15:21:55', '2021-06-11 10:14:24'),
('20214256994', 1, NULL, 1, 60000, 0, 0, 60000, 60000, 0, '2021-04-02 14:33:21', '2021-06-11 10:14:24'),
('20214257231', 1, NULL, 1, 60000, 0, 0, 60000, 100000, 40000, '2021-04-02 09:35:55', '2021-06-11 10:14:24'),
('20214257667', 1, NULL, 1, 60000, 0, 0, 60000, 60000, 0, '2021-04-02 15:14:04', '2021-06-11 10:14:24'),
('20214258100', 1, NULL, 1, 60000, 0, 0, 60000, 60000, 0, '2021-04-02 11:58:45', '2021-06-11 10:14:24'),
('20214259616', 1, NULL, 1, 60000, 0, 0, 60000, 60000, 0, '2021-04-02 10:07:40', '2021-06-11 10:14:24'),
('20214262472', 1, NULL, 1, 60000, 0, 0, 60000, 60000, 0, '2021-04-02 11:58:09', '2021-06-11 10:14:24'),
('20214270809', 1, NULL, 1, 60000, 0, 0, 60000, 60000, 0, '2021-04-02 15:44:04', '2021-06-11 10:14:24'),
('20214270888', 1, NULL, 1, 60000, 0, 0, 60000, 60000, 0, '2021-04-02 10:16:22', '2021-06-11 10:14:24'),
('20214273237', 1, NULL, 1, 60000, 0, 0, 60000, 60000, 0, '2021-04-02 15:11:13', '2021-06-11 10:14:24'),
('20214273580', 1, NULL, 1, 60000, 0, 0, 60000, 100000, 40000, '2021-04-02 10:06:54', '2021-06-11 10:14:24'),
('20214278725', 1, NULL, 1, 60000, 0, 0, 60000, 60000, 0, '2021-04-02 15:43:38', '2021-06-11 10:14:24'),
('20214278987', 1, NULL, 1, 60000, 0, 0, 60000, 60000, 0, '2021-04-02 14:38:25', '2021-06-11 10:14:24'),
('20214279347', 1, NULL, 1, 60000, 0, 0, 60000, 100000, 40000, '2021-04-02 09:44:17', '2021-06-11 10:14:24'),
('20214280094', 1, NULL, 1, 60000, 0, 0, 60000, 60000, 0, '2021-04-02 15:45:54', '2021-06-11 10:14:24'),
('20214291100', 1, NULL, 1, 60000, 0, 0, 60000, 60000, 0, '2021-04-02 11:55:31', '2021-06-11 10:14:24'),
('20214291774', 1, NULL, 1, 60000, 0, 0, 60000, 60000, 0, '2021-04-02 14:40:09', '2021-06-11 10:14:24'),
('20214292318', 1, NULL, 1, 60000, 0, 0, 60000, 60000, 0, '2021-04-02 10:07:55', '2021-06-11 10:14:24'),
('20214294273', 1, NULL, 1, 60000, 0, 0, 60000, 70000, 10000, '2021-04-02 15:36:10', '2021-06-11 10:14:24'),
('20214294469', 1, NULL, 1, 60000, 0, 0, 60000, 60000, 0, '2021-04-02 11:48:30', '2021-06-11 10:14:24'),
('20214296670', 1, NULL, 1, 60000, 0, 0, 60000, 60000, 0, '2021-04-02 10:56:49', '2021-06-11 10:14:24'),
('20214312847', 1, NULL, 1, 290000, 0, 0, 290000, 300000, 10000, '2021-04-03 09:31:15', '2021-06-11 10:14:24'),
('20214341144', 1, NULL, 1, 60000, 0, 0, 60000, 60000, 0, '2021-04-03 10:02:36', '2021-06-11 10:14:24'),
('20214362638', 1, NULL, 1, 290000, 0, 0, 290000, 300000, 10000, '2021-04-03 10:19:45', '2021-06-11 10:14:24'),
('20214363531', 1, NULL, 1, 60000, 0, 0, 60000, 60000, 0, '2021-04-03 09:29:36', '2021-06-11 10:14:24'),
('20214367836', 1, NULL, 1, 60000, 0, 0, 60000, 60000, 0, '2021-04-03 10:21:07', '2021-06-11 10:14:24'),
('20214821748', 1, '20210405023611615', 1, 290000, 0, 0, 290000, 300000, 10000, '2021-04-08 09:44:45', '2021-06-11 10:14:24'),
('20214831513', 1, '20210405032814324', 1, 290000, 0, 0, 290000, 300000, 10000, '2021-04-08 10:05:09', '2021-06-11 10:14:24'),
('20214865717', 1, NULL, 1, 290000, 0, 0, 290000, 300000, 10000, '2021-04-08 08:34:38', '2021-06-11 10:14:24'),
('20214884290', 1, NULL, 1, 290000, 0, 0, 290000, 300000, 10000, '2021-04-08 09:44:07', '2021-06-11 10:14:24'),
('20214961224', 1, NULL, 1, 300000, 0, 0, 300000, 300000, 0, '2021-04-09 09:03:11', '2021-06-11 10:14:24'),
('TR202151017890', 2, NULL, 1, 60000, 0, 0, 60000, 60000, 0, '2021-05-10 13:27:52', '2021-06-11 10:14:24'),
('TR202151027015', 2, '20210501103816976', 1, 290000, 0, 0, 290000, 300000, 10000, '2021-05-10 13:26:31', '2021-06-11 10:14:24'),
('TR202151027744', 2, NULL, 1, 60000, 0, 0, 60000, 60000, 0, '2021-05-10 13:29:39', '2021-06-11 10:14:24'),
('TR202151038101', 2, NULL, 1, 160000, 0, 0, 160000, 160000, 0, '2021-05-10 13:20:48', '2021-06-11 10:14:24'),
('TR202152819922', 2, NULL, 1, 100000, 0, 0, 100000, 100000, 0, '2021-05-28 08:56:21', '2021-06-11 10:14:24'),
('TR202152846154', 2, NULL, 1, 300000, 0, 0, 300000, 300000, 0, '2021-05-28 08:52:28', '2021-06-11 10:14:24'),
('TR202152860995', 2, NULL, 1, 290000, 0, 0, 290000, 300000, 10000, '2021-05-28 14:28:03', '2021-06-11 10:14:24'),
('TR202152875913', 2, NULL, 1, 290000, 0, 145000, 145000, 150000, 5000, '2021-05-28 10:25:36', '2021-06-11 10:14:24'),
('TR202152890617', 2, '20210527105912450', 1, 290000, 0, 0, 290000, 300000, 10000, '2021-05-28 20:25:22', '2021-06-11 10:14:24'),
('TR202152913957', 2, NULL, 1, 0, 0, 0, 220000, 300000, 80000, '2021-05-29 09:24:43', '2021-06-11 10:14:24'),
('TR202152929113', 2, '20210527110545840', 1, 220000, 0, 0, 220000, 300000, 80000, '2021-05-29 09:46:15', '2021-06-11 10:14:24'),
('TR202152947268', 2, NULL, 1, 1220000, 0, 30000, 900000, 1000000, 100000, '2021-05-29 13:40:02', '2021-06-11 10:14:24'),
('TR202152968217', 2, NULL, 1, 1220000, 0, 30000, 900000, 1000000, 100000, '2021-05-29 11:25:11', '2021-06-11 10:14:24'),
('TR202152978054', 2, '20210527110545840', 1, 640000, 0, 0, 440000, 500000, 60000, '2021-05-29 10:10:36', '2021-06-11 10:14:24'),
('TR202152982911', 2, '20210527110545840', 1, 220000, 0, 0, 220000, 250000, 30000, '2021-05-29 13:30:18', '2021-06-11 10:14:24'),
('TR202153131739', 2, NULL, 1, 360000, 0, 0, 360000, 400000, 40000, '2021-05-31 08:43:58', '2021-06-11 10:14:24'),
('TR202153163350', 2, NULL, 1, 870000, 0, 145000, 725000, 750000, 25000, '2021-05-31 09:00:39', '2021-06-11 10:14:24'),
('TR202153193622', 2, NULL, 1, 120000, 0, 0, 120000, 150000, 30000, '2021-05-31 08:12:55', '2021-06-11 10:14:24'),
('TR202161116639', 2, NULL, 1, 200000, 0, 0, 200000, 200000, 0, '2021-06-11 10:42:04', '2021-06-11 10:42:04'),
('TR202161127364', 2, NULL, 1, 60000, 0, 0, 60000, 100000, 40000, '2021-06-11 10:20:36', '2021-06-11 10:20:36'),
('TR20216114137', 2, '20210527104919366', 1, 390000, 0, 145000, 245000, 250000, 5000, '2021-06-01 08:59:28', '2021-06-11 10:14:24'),
('TR202161163403', 2, NULL, 2, 290000, 0, 0, 290000, 300000, 10000, '2021-06-11 11:07:12', '2021-06-11 11:07:12'),
('TR202161193344', 2, NULL, 1, 290000, 0, 0, 290000, 300000, 10000, '2021-06-11 11:56:57', '2021-06-11 11:56:57'),
('TR202161195436', 2, NULL, 1, 290000, 0, 0, 290000, 300000, 10000, '2021-06-11 10:00:04', '2021-06-11 10:14:24'),
('TR202161197487', 2, NULL, 1, 290000, 0, 0, 290000, 300000, 10000, '2021-06-11 10:01:59', '2021-06-11 10:14:24'),
('TR202161414861', 5, '20210611030421685', 2, 1390000, 0, 0, 1390000, 1400000, 10000, '2021-06-14 11:21:19', '2021-06-14 11:21:19'),
('TR202161426706', 5, '20210612113920109', 2, 1120000, 0, 0, 1120000, 1150000, 30000, '2021-06-14 09:08:42', '2021-06-14 09:08:42'),
('TR202161489955', 2, '20210501092202631', 1, 1000000, 0, 0, 1000000, 1000000, 0, '2021-06-14 09:04:56', '2021-06-14 09:04:56'),
('TR202161577321', 5, NULL, 2, 600000, 0, 0, 600000, 600000, 0, '2021-06-15 09:21:50', '2021-06-15 09:21:50'),
('TR202161662026', 5, NULL, 2, 600000, 0, 300000, 300000, 300000, 0, '2021-06-16 16:46:46', '2021-06-16 16:46:46'),
('TR202161989035', 5, '20210618025012664', 2, 1390000, 0, 0, 1390000, 1400000, 10000, '2021-06-19 10:06:08', '2021-06-19 10:06:08'),
('TR202161990814', 5, NULL, 2, 290000, 0, 145000, 145000, 150000, 5000, '2021-06-19 08:46:33', '2021-06-19 08:46:33'),
('TR202161998883', 5, NULL, 2, 790000, 0, 0, 790000, 800000, 10000, '2021-06-19 10:15:50', '2021-06-19 10:15:50'),
('TR202162310012', 5, '20210619101401389', 2, 500000, 0, 0, 500000, 500000, 0, '2021-06-23 09:42:06', '2021-06-23 09:42:06'),
('TR202162324098', 5, NULL, 2, 290000, 0, 0, 290000, 300000, 10000, '2021-06-23 09:34:27', '2021-06-23 09:34:27'),
('TR202162376335', 5, '20210623094004647', 2, 2260000, 0, 0, 2260000, 2300000, 40000, '2021-06-23 14:26:54', '2021-06-23 14:26:54'),
('TR202162413629', 5, NULL, 2, 330000, 30000, 0, 330000, 350000, 20000, '2021-06-24 16:30:08', '2021-06-24 16:30:08'),
('TR202162438630', 5, NULL, 2, 580000, 60000, 0, 580000, 600000, 20000, '2021-06-24 14:14:44', '2021-06-24 14:14:44'),
('TR20216279555', 2, NULL, 1, 200000, 0, 120000, 80000, 80000, 0, '2021-06-02 13:45:48', '2021-06-11 10:14:24'),
('TR20216285805', 2, NULL, 1, 900000, 0, 0, 900000, 900000, 0, '2021-06-02 08:46:38', '2021-06-11 10:14:24'),
('TR20216423800', 2, NULL, 1, 290000, 0, 0, 290000, 300000, 10000, '2021-06-04 08:55:14', '2021-06-11 10:14:24'),
('TR20216459384', 2, NULL, 1, 900000, 0, 450000, 450000, 500000, 50000, '2021-06-04 09:48:50', '2021-06-11 10:14:24'),
('TR20216472741', 2, NULL, 1, 900000, 0, 0, 900000, 900000, 0, '2021-06-04 09:54:48', '2021-06-11 10:14:24'),
('TR20216474762', 2, NULL, 1, 290000, 0, 0, 290000, 300000, 10000, '2021-06-04 09:46:08', '2021-06-11 10:14:24'),
('TR20216494262', 2, NULL, 1, 900000, 0, 0, 900000, 900000, 0, '2021-06-04 09:19:24', '2021-06-11 10:14:24'),
('TR20216735698', 2, '20210527105912450', 1, 220000, 0, 0, 220000, 250000, 30000, '2021-06-07 14:58:26', '2021-06-11 10:14:24'),
('TR20216741222', 2, NULL, 1, 610000, 0, 0, 610000, 610000, 0, '2021-06-07 15:38:06', '2021-06-11 10:14:24'),
('TR20216777751', 2, '20210527105912450', 1, 220000, 0, 0, 220000, 300000, 80000, '2021-06-07 14:34:51', '2021-06-11 10:14:24'),
('TR20216793137', 2, '20210527105912450', 1, 220000, 0, 0, 220000, 250000, 30000, '2021-06-07 14:59:30', '2021-06-11 10:14:24'),
('TR20216796196', 2, NULL, 1, 1120000, 0, 60000, 1060000, 1100000, 40000, '2021-06-07 15:53:06', '2021-06-11 10:14:24');

-- --------------------------------------------------------

--
-- Struktur dari tabel `transaction_detail`
--

CREATE TABLE `transaction_detail` (
  `invoice_transaction` varchar(100) NOT NULL,
  `id_product` varchar(20) NOT NULL,
  `qty` int(11) NOT NULL,
  `subtotal` int(11) NOT NULL
) ENGINE=InnoDB DEFAULT CHARSET=utf8mb4;

--
-- Dumping data untuk tabel `transaction_detail`
--

INSERT INTO `transaction_detail` (`invoice_transaction`, `id_product`, `qty`, `subtotal`) VALUES
('202131533461', '1020020003', 1, 290000),
('202131533461', '1020020001', 1, 290000),
('202131553065', '1020020004', 2, 600000),
('202131618401', '1020020003', 1, 290000),
('202131618401', '1020020004', 1, 300000),
('202131618401', '1020020001', 1, 290000),
('202131650456', '1020020001', 1, 290000),
('202131762075', '1020020001', 1, 290000),
('20214138884', '1020020001', 1, 290000),
('20214138884', '1020020004', 1, 300000),
('20214138080', '1020020003', 1, 290000),
('20214157751', '1020020003', 1, 290000),
('20214168761', '1020020001', 1, 290000),
('20214237955', '1020020001', 1, 290000),
('20214215520', '1020020003', 1, 290000),
('20214243465', '1020020003', 1, 290000),
('20214257231', '1020020005', 1, 60000),
('20214229671', '1020020004', 1, 300000),
('20214227011', '1020020005', 2, 120000),
('20214216090', '1020020005', 1, 60000),
('20214279347', '1020020005', 1, 60000),
('20214220037', '1020020005', 1, 60000),
('20214247312', '1020020005', 3, 180000),
('20214273580', '1020020005', 1, 60000),
('20214259616', '1020020005', 1, 60000),
('20214292318', '1020020005', 1, 60000),
('20214270888', '1020020005', 1, 60000),
('20214216985', '1020020005', 1, 60000),
('20214296670', '1020020005', 1, 60000),
('20214222807', '1020020005', 1, 60000),
('20214215342', '1020020005', 1, 60000),
('20214217669', '1020020005', 1, 60000),
('20214294469', '1020020005', 1, 60000),
('20214234717', '1020020005', 1, 60000),
('20214291100', '1020020005', 1, 60000),
('20214238899', '1020020005', 1, 60000),
('20214262472', '1020020005', 1, 60000),
('20214258100', '1020020005', 1, 60000),
('20214256994', '1020020005', 1, 60000),
('20214256021', '1020020004', 1, 300000),
('20214278987', '1020020005', 1, 60000),
('20214253980', '1020020004', 1, 300000),
('20214291774', '1020020005', 1, 60000),
('20214273237', '1020020005', 1, 60000),
('20214257667', '1020020005', 1, 60000),
('20214256623', '1020020004', 1, 300000),
('20214224844', '1020020005', 1, 60000),
('20214211248', '1020020005', 1, 60000),
('20214249460', '1020020005', 1, 60000),
('20214294273', '1020020005', 1, 60000),
('20214244228', '1020020005', 1, 60000),
('20214254417', '1020020005', 1, 60000),
('20214278725', '1020020005', 1, 60000),
('20214270809', '1020020005', 1, 60000),
('20214215636', '1020020005', 1, 60000),
('20214280094', '1020020005', 1, 60000),
('20214363531', '1020020005', 1, 60000),
('20214312847', '1020020001', 1, 290000),
('20214341144', '1020020005', 1, 60000),
('20214362638', '1020020001', 1, 290000),
('20214367836', '1020020005', 1, 60000),
('20214865717', '1020020001', 1, 290000),
('20214884290', '1020020001', 1, 290000),
('20214821748', '1020020001', 1, 290000),
('20214831513', '1020020001', 1, 290000),
('20214961224', '1020020004', 1, 300000),
('TR202151038101', '1020010002', 1, 100000),
('TR202151038101', '1020020005', 1, 60000),
('TR202151027015', '1020020001', 1, 290000),
('TR202151017890', '1020020005', 1, 60000),
('TR202151027744', '1020020005', 1, 60000),
('TR202152846154', '1020020004', 1, 300000),
('TR202152819922', '1020010002', 1, 100000),
('TR202152875913', '1020020001', 1, 290000),
('TR202152860995', '1020020001', 1, 290000),
('TR202152890617', '1020020001', 1, 290000),
('TR202152913957', '1020010002', 1, 100000),
('TR202152913957', '1020010001', 1, 120000),
('TR202152929113', '1020010002', 1, 100000),
('TR202152929113', '1020010001', 1, 120000),
('TR202152978054', '1020010002', 2, 200000),
('TR202152978054', '1020010001', 2, 240000),
('TR202152968217', '1020020001', 1, 290000),
('TR202152968217', '1020020003', 2, 580000),
('TR202152968217', '1020020005', 1, 60000),
('TR202152982911', '1020010002', 1, 100000),
('TR202152982911', '1020010001', 1, 120000),
('TR202152947268', '1020020001', 1, 290000),
('TR202152947268', '1020020003', 2, 580000),
('TR202152947268', '1020020005', 1, 60000),
('TR202153193622', '1020020016', 1, 120000),
('TR202153131739', '1020010001', 3, 360000),
('TR202153163350', '1020020001', 2, 580000),
('TR202153163350', '1020020003', 1, 290000),
('TR20216114137', '1020010002', 1, 100000),
('TR20216114137', '1020020001', 1, 290000),
('TR20216285805', '1020010003', 1, 900000),
('TR20216279555', '1020020008', 1, 200000),
('TR20216423800', '1020020001', 1, 290000),
('TR20216494262', '1020010003', 1, 900000),
('TR20216474762', '1020020001', 1, 290000),
('TR20216459384', '1020010003', 1, 900000),
('TR20216472741', '1020010003', 1, 900000),
('TR20216777751', '1020010001', 1, 120000),
('TR20216777751', '1020010002', 1, 100000),
('TR20216735698', '1020010001', 1, 120000),
('TR20216735698', '1020010002', 1, 100000),
('TR20216793137', '1020010001', 1, 120000),
('TR20216793137', '1020010002', 1, 100000),
('TR20216741222', '1020020008', 1, 200000),
('TR20216741222', '1020020016', 1, 120000),
('TR20216741222', '1020020003', 1, 290000),
('TR20216796196', '1020010002', 1, 100000),
('TR20216796196', '1020010003', 1, 900000),
('TR20216796196', '1020010001', 1, 120000),
('TR202161195436', '1020020001', 1, 290000),
('TR202161197487', '1020020001', 1, 290000),
('TR202161127364', '1020020005', 1, 60000),
('TR202161116639', '1020020008', 1, 200000),
('TR202161163403', '1020020001', 1, 290000),
('TR202161193344', '1020020002', 1, 290000),
('TR202161489955', '1020010002', 1, 100000),
('TR202161489955', '1020010003', 1, 900000),
('TR202161426706', '1020010003', 1, 900000),
('TR202161426706', '1020010002', 1, 100000),
('TR202161426706', '1020010001', 1, 120000),
('TR202161414861', '1020010005', 1, 600000),
('TR202161414861', '1020010004', 1, 500000),
('TR202161414861', '1020020001', 1, 290000),
('TR202161577321', '1020010005', 1, 600000),
('TR202161662026', '1020010005', 1, 600000),
('TR202161990814', '1020020001', 1, 290000),
('TR202161989035', '1020010005', 1, 600000),
('TR202161989035', '1020010004', 1, 500000),
('TR202161989035', '1020020001', 1, 290000),
('TR202161998883', '1020010004', 1, 500000),
('TR202161998883', '1020020001', 1, 290000),
('TR202162324098', '1020020001', 1, 290000),
('TR202162310012', '1020010004', 1, 500000),
('TR202162376335', '1020010005', 1, 600000),
('TR202162376335', '1020010004', 1, 500000),
('TR202162376335', '1020020001', 4, 1160000),
('TR202162438630', '1020020001', 2, 580000),
('TR202162413629', '1020020001', 1, 290000),
('TR202162413629', '1020020017', 1, 40000);

-- --------------------------------------------------------

--
-- Struktur dari tabel `user`
--

CREATE TABLE `user` (
  `id` int(11) NOT NULL,
  `id_doctor` varchar(100) DEFAULT NULL,
  `id_therapist` varchar(100) DEFAULT NULL,
  `name` varchar(100) NOT NULL,
  `username` varchar(100) NOT NULL,
  `password` varchar(255) NOT NULL,
  `role` enum('admin','cashier','doctor','front_officer','therapist') NOT NULL,
  `is_active` int(11) NOT NULL,
  `id_store` int(11) NOT NULL DEFAULT 1,
  `created_at` datetime NOT NULL DEFAULT current_timestamp(),
  `updated_at` datetime NOT NULL DEFAULT current_timestamp() ON UPDATE current_timestamp()
) ENGINE=InnoDB DEFAULT CHARSET=utf8mb4;

--
-- Dumping data untuk tabel `user`
--

INSERT INTO `user` (`id`, `id_doctor`, `id_therapist`, `name`, `username`, `password`, `role`, `is_active`, `id_store`, `created_at`, `updated_at`) VALUES
(1, NULL, NULL, 'Rio Pambudhi', 'riobrotha', '$2y$10$lD4EWwKMt5QoGkxviVzjMecDiCoESr7LQ45cEPn9KehrccdMUydEm', 'admin', 1, 1, '2021-02-22 11:47:36', '2021-02-22 11:47:36'),
(2, NULL, NULL, 'Chandra', 'chandra', '$2y$10$lD4EWwKMt5QoGkxviVzjMecDiCoESr7LQ45cEPn9KehrccdMUydEm', 'cashier', 1, 1, '2021-02-23 08:51:35', '2021-06-11 11:56:04'),
(3, 'DOC-210428100053411', NULL, 'dr Sofi Sofia Putri', 'sofi@mail.com', '$2y$10$HFf1XPubSE3LfUydmZh0yeOYPN1LB/nigymx7qpMBmGSrRvaN4znC', 'doctor', 1, 1, '2021-04-28 10:00:54', '2021-04-28 10:00:54'),
(4, NULL, NULL, 'Jane', 'front_office', '$2y$10$lD4EWwKMt5QoGkxviVzjMecDiCoESr7LQ45cEPn9KehrccdMUydEm', 'front_officer', 1, 1, '2021-04-29 11:42:05', '2021-04-29 11:42:05'),
(5, NULL, NULL, 'Michael', 'michael', '$2y$10$lD4EWwKMt5QoGkxviVzjMecDiCoESr7LQ45cEPn9KehrccdMUydEm', 'cashier', 1, 2, '2021-06-11 11:55:13', '2021-06-11 11:55:23'),
(6, 'DOC-210612112735914', NULL, 'dr Octa', 'octa@mail.com', '$2y$10$/gnw.BB1Ko/EGJMa1RsQduaArzXHhS6XWqPYF4IgYCxMSHDR2sMcO', 'doctor', 1, 2, '2021-06-12 11:27:35', '2021-06-12 11:28:01'),
(7, NULL, 'TRP-210614035152574', 'Nindy', 'nindy@mail.com', '$2y$10$QFd5e8l.AIHRQMry3HRSuueriz4jdYF7Lvv7cuemJaKHUaoNrKl1.', 'therapist', 1, 2, '2021-06-14 15:51:52', '2021-06-14 15:51:52');

--
-- Indexes for dumped tables
--

--
-- Indeks untuk tabel `category`
--
ALTER TABLE `category`
  ADD PRIMARY KEY (`id`);

--
-- Indeks untuk tabel `customer`
--
ALTER TABLE `customer`
  ADD PRIMARY KEY (`id`),
  ADD KEY `id_store` (`id_store`);

--
-- Indeks untuk tabel `discount`
--
ALTER TABLE `discount`
  ADD PRIMARY KEY (`id`);

--
-- Indeks untuk tabel `doctor`
--
ALTER TABLE `doctor`
  ADD PRIMARY KEY (`id`);

--
-- Indeks untuk tabel `items`
--
ALTER TABLE `items`
  ADD PRIMARY KEY (`id`);

--
-- Indeks untuk tabel `items_detail`
--
ALTER TABLE `items_detail`
  ADD PRIMARY KEY (`id`),
  ADD KEY `id_product` (`id_product`),
  ADD KEY `id_items` (`id_items`);

--
-- Indeks untuk tabel `medical_records`
--
ALTER TABLE `medical_records`
  ADD PRIMARY KEY (`id`),
  ADD KEY `id_doctor` (`id_doctor`),
  ADD KEY `id_customer` (`id_customer`),
  ADD KEY `id_store` (`id_store`);

--
-- Indeks untuk tabel `medical_records_detail`
--
ALTER TABLE `medical_records_detail`
  ADD PRIMARY KEY (`id`),
  ADD KEY `id_medical_records` (`id_medical_records`),
  ADD KEY `id_therapies` (`id_therapies`),
  ADD KEY `id_queue` (`id_queue`),
  ADD KEY `id_items` (`id_items`);

--
-- Indeks untuk tabel `product`
--
ALTER TABLE `product`
  ADD PRIMARY KEY (`id`),
  ADD KEY `id_category` (`id_category`),
  ADD KEY `id_store` (`id_store`);

--
-- Indeks untuk tabel `product_in`
--
ALTER TABLE `product_in`
  ADD PRIMARY KEY (`id`),
  ADD KEY `id_product` (`id_product`);

--
-- Indeks untuk tabel `queue`
--
ALTER TABLE `queue`
  ADD PRIMARY KEY (`id`),
  ADD KEY `id_customer` (`id_customer`),
  ADD KEY `id_store` (`id_store`);

--
-- Indeks untuk tabel `store`
--
ALTER TABLE `store`
  ADD PRIMARY KEY (`id`);

--
-- Indeks untuk tabel `therapies`
--
ALTER TABLE `therapies`
  ADD PRIMARY KEY (`id`);

--
-- Indeks untuk tabel `therapies_detail`
--
ALTER TABLE `therapies_detail`
  ADD PRIMARY KEY (`id`),
  ADD KEY `id_product` (`id_product`),
  ADD KEY `id_therapies` (`id_therapies`);

--
-- Indeks untuk tabel `therapist`
--
ALTER TABLE `therapist`
  ADD PRIMARY KEY (`id`);

--
-- Indeks untuk tabel `transaction`
--
ALTER TABLE `transaction`
  ADD PRIMARY KEY (`invoice`),
  ADD KEY `id_user` (`id_user`),
  ADD KEY `id_customer` (`id_customer`),
  ADD KEY `id_store` (`id_store`);

--
-- Indeks untuk tabel `transaction_detail`
--
ALTER TABLE `transaction_detail`
  ADD KEY `invoice_transaction` (`invoice_transaction`),
  ADD KEY `id_product` (`id_product`);

--
-- Indeks untuk tabel `user`
--
ALTER TABLE `user`
  ADD PRIMARY KEY (`id`),
  ADD KEY `id_doctor` (`id_doctor`),
  ADD KEY `id_store` (`id_store`),
  ADD KEY `id_therapist` (`id_therapist`);

--
-- AUTO_INCREMENT untuk tabel yang dibuang
--

--
-- AUTO_INCREMENT untuk tabel `discount`
--
ALTER TABLE `discount`
  MODIFY `id` bigint(20) NOT NULL AUTO_INCREMENT, AUTO_INCREMENT=6;

--
-- AUTO_INCREMENT untuk tabel `store`
--
ALTER TABLE `store`
  MODIFY `id` int(11) NOT NULL AUTO_INCREMENT, AUTO_INCREMENT=4;

--
-- AUTO_INCREMENT untuk tabel `user`
--
ALTER TABLE `user`
  MODIFY `id` int(11) NOT NULL AUTO_INCREMENT, AUTO_INCREMENT=8;

--
-- Ketidakleluasaan untuk tabel pelimpahan (Dumped Tables)
--

--
-- Ketidakleluasaan untuk tabel `customer`
--
ALTER TABLE `customer`
  ADD CONSTRAINT `customer_ibfk_1` FOREIGN KEY (`id_store`) REFERENCES `store` (`id`) ON DELETE NO ACTION ON UPDATE NO ACTION;

--
-- Ketidakleluasaan untuk tabel `items_detail`
--
ALTER TABLE `items_detail`
  ADD CONSTRAINT `items_detail_ibfk_1` FOREIGN KEY (`id_product`) REFERENCES `product` (`id`) ON DELETE NO ACTION ON UPDATE CASCADE,
  ADD CONSTRAINT `items_detail_ibfk_2` FOREIGN KEY (`id_items`) REFERENCES `items` (`id`) ON DELETE CASCADE ON UPDATE CASCADE;

--
-- Ketidakleluasaan untuk tabel `medical_records`
--
ALTER TABLE `medical_records`
  ADD CONSTRAINT `medical_records_ibfk_1` FOREIGN KEY (`id_customer`) REFERENCES `customer` (`id`) ON DELETE CASCADE ON UPDATE CASCADE,
  ADD CONSTRAINT `medical_records_ibfk_2` FOREIGN KEY (`id_doctor`) REFERENCES `doctor` (`id`) ON DELETE NO ACTION ON UPDATE CASCADE;

--
-- Ketidakleluasaan untuk tabel `medical_records_detail`
--
ALTER TABLE `medical_records_detail`
  ADD CONSTRAINT `medical_records_detail_ibfk_1` FOREIGN KEY (`id_medical_records`) REFERENCES `medical_records` (`id`) ON DELETE CASCADE ON UPDATE CASCADE,
  ADD CONSTRAINT `medical_records_detail_ibfk_2` FOREIGN KEY (`id_therapies`) REFERENCES `therapies` (`id`) ON DELETE CASCADE ON UPDATE CASCADE,
  ADD CONSTRAINT `medical_records_detail_ibfk_3` FOREIGN KEY (`id_items`) REFERENCES `items` (`id`) ON DELETE CASCADE ON UPDATE CASCADE;

--
-- Ketidakleluasaan untuk tabel `product`
--
ALTER TABLE `product`
  ADD CONSTRAINT `product_ibfk_1` FOREIGN KEY (`id_category`) REFERENCES `category` (`id`) ON DELETE NO ACTION ON UPDATE NO ACTION,
  ADD CONSTRAINT `product_ibfk_2` FOREIGN KEY (`id_store`) REFERENCES `store` (`id`) ON DELETE NO ACTION ON UPDATE NO ACTION;

--
-- Ketidakleluasaan untuk tabel `product_in`
--
ALTER TABLE `product_in`
  ADD CONSTRAINT `product_in_ibfk_1` FOREIGN KEY (`id_product`) REFERENCES `product` (`id`) ON DELETE NO ACTION ON UPDATE NO ACTION;

--
-- Ketidakleluasaan untuk tabel `queue`
--
ALTER TABLE `queue`
  ADD CONSTRAINT `queue_ibfk_1` FOREIGN KEY (`id_customer`) REFERENCES `customer` (`id`) ON DELETE NO ACTION ON UPDATE CASCADE,
  ADD CONSTRAINT `queue_ibfk_2` FOREIGN KEY (`id_store`) REFERENCES `store` (`id`) ON DELETE NO ACTION ON UPDATE NO ACTION;

--
-- Ketidakleluasaan untuk tabel `therapies_detail`
--
ALTER TABLE `therapies_detail`
  ADD CONSTRAINT `therapies_detail_ibfk_1` FOREIGN KEY (`id_product`) REFERENCES `product` (`id`) ON DELETE NO ACTION ON UPDATE CASCADE,
  ADD CONSTRAINT `therapies_detail_ibfk_2` FOREIGN KEY (`id_therapies`) REFERENCES `therapies` (`id`) ON DELETE CASCADE ON UPDATE CASCADE;

--
-- Ketidakleluasaan untuk tabel `transaction`
--
ALTER TABLE `transaction`
  ADD CONSTRAINT `transaction_ibfk_1` FOREIGN KEY (`id_user`) REFERENCES `user` (`id`) ON DELETE NO ACTION ON UPDATE NO ACTION,
  ADD CONSTRAINT `transaction_ibfk_2` FOREIGN KEY (`id_customer`) REFERENCES `customer` (`id`) ON DELETE NO ACTION ON UPDATE NO ACTION,
  ADD CONSTRAINT `transaction_ibfk_3` FOREIGN KEY (`id_store`) REFERENCES `store` (`id`) ON DELETE NO ACTION ON UPDATE NO ACTION;

--
-- Ketidakleluasaan untuk tabel `transaction_detail`
--
ALTER TABLE `transaction_detail`
  ADD CONSTRAINT `transaction_detail_ibfk_1` FOREIGN KEY (`invoice_transaction`) REFERENCES `transaction` (`invoice`) ON DELETE CASCADE ON UPDATE CASCADE,
  ADD CONSTRAINT `transaction_detail_ibfk_2` FOREIGN KEY (`id_product`) REFERENCES `product` (`id`) ON DELETE NO ACTION ON UPDATE NO ACTION;

--
-- Ketidakleluasaan untuk tabel `user`
--
ALTER TABLE `user`
  ADD CONSTRAINT `user_ibfk_1` FOREIGN KEY (`id_doctor`) REFERENCES `doctor` (`id`) ON DELETE CASCADE ON UPDATE CASCADE,
  ADD CONSTRAINT `user_ibfk_2` FOREIGN KEY (`id_store`) REFERENCES `store` (`id`) ON DELETE NO ACTION ON UPDATE NO ACTION,
  ADD CONSTRAINT `user_ibfk_3` FOREIGN KEY (`id_therapist`) REFERENCES `therapist` (`id`) ON DELETE CASCADE ON UPDATE CASCADE;
COMMIT;

/*!40101 SET CHARACTER_SET_CLIENT=@OLD_CHARACTER_SET_CLIENT */;
/*!40101 SET CHARACTER_SET_RESULTS=@OLD_CHARACTER_SET_RESULTS */;
/*!40101 SET COLLATION_CONNECTION=@OLD_COLLATION_CONNECTION */;
